"","alpha","lambda","y","type","run"
"1",0.997957218717784,0.589914051676169,2.30199790000916,"random",1
"2",0.103786408957094,0.267417779443786,0.130670607089996,"random",1
"3",0.884933337783441,0.121394812380895,0.696087539196014,"random",1
"4",0.300484133763239,0.170796744208783,0.109496310353279,"random",1
"5",0.843093022992834,0.940995610868558,0.34906405210495,"random",1
"6",0.145697410805151,0.356485794521868,0.117070384323597,"random",1
"7",0.755369311524555,0.725406225295737,0.180581137537956,"random",1
"8",0.234977956227958,0.366963896462694,0.103195801377296,"random",1
"9",0.59081066085957,0.457077152607963,0.134098127484322,"random",1
"10",0.629888318451121,0.693618431352079,0.141279727220535,"random",1
"11",0.834639693917707,0.876806232798845,0.358043700456619,"random",1
"12",0.0330713663902134,0.65160909675993,0.134271845221519,"random",1
"13",0.397575087780133,0.419039073409513,0.103263683617115,"random",1
"14",0.252048819018528,0.0108795131649822,0.111237823963165,"random",1
"15",0.958479114836082,0.804537209430709,2.08164119720459,"random",1
"16",0.468104801950976,0.760811112057418,0.111444130539894,"random",1
"17",0.322683590725064,0.114991177255288,0.0996424630284309,"random",1
"18",0.423426325619221,0.982218744074926,0.106058478355408,"random",1
"19",0.529464202504605,0.490646587684751,0.118256665766239,"random",1
"20",0.502326456094161,0.212631614832208,0.112020894885063,"random",1
"21",0.172636667573825,0.0792939503211528,0.11167898774147,"random",1
"22",0.788782397061586,0.281249141572043,0.23376838862896,"random",1
"23",0.0553205094579607,0.600787458801642,0.130240768194199,"random",1
"24",0.693826713897288,0.55677896999754,0.15391218662262,"random",1
"25",0.641803786521777,0.881797830946743,0.137284055352211,"random",1
"26",0.01,0.01,0.144443348050117,"grid",1
"27",0.25,0.01,0.109711296856403,"grid",1
"28",0.5,0.01,0.115857861936092,"grid",1
"29",0.75,0.01,0.19501918554306,"grid",1
"30",0.99,0.01,2.30202507972717,"grid",1
"31",0.01,0.25,0.130103379487991,"grid",1
"32",0.25,0.25,0.108298979699612,"grid",1
"33",0.5,0.25,0.111667297780514,"grid",1
"34",0.75,0.25,0.189272195100784,"grid",1
"35",0.99,0.25,2.30203819274902,"grid",1
"36",0.01,0.5,0.148896366357803,"grid",1
"37",0.25,0.5,0.100292824208736,"grid",1
"38",0.5,0.5,0.11421149969101,"grid",1
"39",0.75,0.5,0.198698669672012,"grid",1
"40",0.99,0.5,2.30206179618835,"grid",1
"41",0.01,0.75,0.152369678020477,"grid",1
"42",0.25,0.75,0.104529716074467,"grid",1
"43",0.5,0.75,0.109073840081692,"grid",1
"44",0.75,0.75,0.192976281046867,"grid",1
"45",0.99,0.75,2.30213499069214,"grid",1
"46",0.01,0.99,0.153158962726593,"grid",1
"47",0.25,0.99,0.106289058923721,"grid",1
"48",0.5,0.99,0.115412831306458,"grid",1
"49",0.75,0.99,0.187592595815659,"grid",1
"50",0.99,0.99,2.30206561088562,"grid",1
"51",0.498042941520301,0.162133670528419,0.115264259278774,"bayesian",1
"52",0.601061505323742,0.804593096661847,0.132948517799377,"bayesian",1
"53",0.732820942338246,0.375690524097687,0.176267817616463,"bayesian",1
"54",0.950534328081024,0.710341915953904,2.01440572738647,"bayesian",1
"55",0.0971620462757225,0.270640500549537,0.122933432459831,"bayesian",1
"56",0.19421899667941,0.9558369696994,0.105956815183163,"bayesian",1
"57",0.842670111354285,0.613234585422712,0.335714280605316,"bayesian",1
"58",0.528793997810377,0.188541425702473,0.118287980556488,"bayesian",1
"59",0.781974648901572,0.911974716136077,0.225014790892601,"bayesian",1
"60",0.345177356541778,0.566626381323052,0.108664110302925,"bayesian",1
"61",0.287015982127438,0.0473688764031976,0.105711884796619,"bayesian",1
"62",0.0691672436272105,0.444891542894766,0.129183918237686,"bayesian",1
"63",0.177690460656585,0.001,0.126637607812881,"bayesian",1
"64",0.349720844462146,0.001,0.0960296615958214,"bayesian",1
"65",0.32995141587277,0.001,0.107523322105408,"bayesian",1
"66",0.416736937673277,0.001,0.110350556671619,"bayesian",1
"67",0.354546485515338,0.261314045214465,0.105332121253014,"bayesian",1
"68",0.375830047579279,0.001,0.108584485948086,"bayesian",1
"69",0.480982006604484,0.001,0.108930543065071,"bayesian",1
"70",0.242178304682785,0.473208061855492,0.119264163076878,"bayesian",1
"71",0.479515187640842,0.999,0.104189328849316,"bayesian",1
"72",0.467854511479079,0.370142289613984,0.115760490298271,"bayesian",1
"73",0.4525847115592,0.001,0.101962059736252,"bayesian",1
"74",0.350716183160409,0.001,0.105291627347469,"bayesian",1
"75",0.281875142355449,0.001,0.110907986760139,"bayesian",1
"76",0.804345661336556,0.901655862843618,0.257950603961945,"random",2
"77",0.399121193410829,0.619725467395037,0.113647483289242,"random",2
"78",0.55770594089292,0.498296326873824,0.121046327054501,"random",2
"79",0.31387376700528,0.0913785356562585,0.0986778438091278,"random",2
"80",0.640793357715011,0.595712081668898,0.142854049801826,"random",2
"81",0.127655116999522,0.233714315686375,0.111816629767418,"random",2
"82",0.75888549159281,0.333968486739323,0.197395384311676,"random",2
"83",0.780660155359656,0.0209855953138322,0.21208256483078,"random",2
"84",0.227292288793251,0.266308712456375,0.116991311311722,"random",2
"85",0.0611303134355694,0.731265561021864,0.128764986991882,"random",2
"86",0.931324133332819,0.0545729440357536,1.76911067962646,"random",2
"87",0.33520488393493,0.400615003043786,0.106151200830936,"random",2
"88",0.0288949289359152,0.787950406130403,0.136948391795158,"random",2
"89",0.578031470933929,0.973570521632209,0.128930822014809,"random",2
"90",0.275448078494519,0.364766267901286,0.110643409192562,"random",2
"91",0.189623472290114,0.829896093243733,0.111391469836235,"random",2
"92",0.416598056443036,0.855770208314061,0.0971689373254776,"random",2
"93",0.844351228671148,0.95523799479939,0.377747476100922,"random",2
"94",0.104710755106062,0.462899185409769,0.12112171202898,"random",2
"95",0.478447307562456,0.3059855703637,0.110318891704082,"random",2
"96",0.518114905878902,0.716958657372743,0.119356259703636,"random",2
"97",0.999893236672506,0.168699950007722,2.32407784461975,"random",2
"98",0.682528339419514,0.53346596904099,0.154011562466621,"random",2
"99",0.615346242012456,0.670857347594574,0.131901293992996,"random",2
"100",0.889887278173119,0.141549230664968,0.692593097686768,"random",2
"101",0.01,0.01,0.141362100839615,"grid",2
"102",0.25,0.01,0.103068515658379,"grid",2
"103",0.5,0.01,0.114791445434093,"grid",2
"104",0.75,0.01,0.182634100317955,"grid",2
"105",0.99,0.01,2.30212020874023,"grid",2
"106",0.01,0.25,0.133021831512451,"grid",2
"107",0.25,0.25,0.116076983511448,"grid",2
"108",0.5,0.25,0.108142845332623,"grid",2
"109",0.75,0.25,0.20168137550354,"grid",2
"110",0.99,0.25,2.30215835571289,"grid",2
"111",0.01,0.5,0.130624189972878,"grid",2
"112",0.25,0.5,0.108774729073048,"grid",2
"113",0.5,0.5,0.116009376943111,"grid",2
"114",0.75,0.5,0.194524988532066,"grid",2
"115",0.99,0.5,2.30205512046814,"grid",2
"116",0.01,0.75,0.135434165596962,"grid",2
"117",0.25,0.75,0.109473772346973,"grid",2
"118",0.5,0.75,0.108300931751728,"grid",2
"119",0.75,0.75,0.184109091758728,"grid",2
"120",0.99,0.75,2.30217909812927,"grid",2
"121",0.01,0.99,0.142923071980476,"grid",2
"122",0.25,0.99,0.10119815915823,"grid",2
"123",0.5,0.99,0.115761913359165,"grid",2
"124",0.75,0.99,0.19048573076725,"grid",2
"125",0.99,0.99,2.30205774307251,"grid",2
"126",0.637278148322366,0.588953517028131,0.149339824914932,"bayesian",2
"127",0.425395691631517,0.692057998598708,0.105545707046986,"bayesian",2
"128",0.723259652964771,0.354144740267657,0.182619869709015,"bayesian",2
"129",0.0720575031397554,0.90840613405453,0.114781938493252,"bayesian",2
"130",0.414865706038351,0.922045134007931,0.108752623200417,"bayesian",2
"131",0.965306115530742,0.816590700531378,2.03268003463745,"bayesian",2
"132",0.891852291591931,0.0330644311228146,0.932330965995789,"bayesian",2
"133",0.15451661592427,0.155116193869617,0.112384043633938,"bayesian",2
"134",0.768125846613354,0.296615440088014,0.205027744174004,"bayesian",2
"135",0.262028878981558,0.42371018937168,0.105414628982544,"bayesian",2
"136",0.567028521521327,0.16759036302877,0.127134397625923,"bayesian",2
"137",0.171409335647089,0.519830058639248,0.109869137406349,"bayesian",2
"138",0.401676338165777,0.001,0.108630463480949,"bayesian",2
"139",0.001,0.465274019485871,0.127938717603683,"bayesian",2
"140",0.186400379400785,0.329221497520492,0.10906408727169,"bayesian",2
"141",0.350129398396341,0.129090901546581,0.109581492841244,"bayesian",2
"142",0.243326530621181,0.367021702970079,0.108985938131809,"bayesian",2
"143",0.161966368872533,0.43309569075246,0.114634461700916,"bayesian",2
"144",0.217725867982834,0.776070682866343,0.108339861035347,"bayesian",2
"145",0.246550270137747,0.616189747386003,0.120724327862263,"bayesian",2
"146",0.508095871768918,0.54664717968601,0.111984148621559,"bayesian",2
"147",0.259396508394071,0.456235963586632,0.105078399181366,"bayesian",2
"148",0.260967576789589,0.453661007171742,0.106677979230881,"bayesian",2
"149",0.261828905911419,0.445112232234999,0.102677784860134,"bayesian",2
"150",0.26736498388592,0.44957323459543,0.11425469070673,"bayesian",2
"151",0.532170138237998,0.306672486420721,0.117023922502995,"random",3
"152",0.468717593681067,0.321878253659233,0.111970357596874,"random",3
"153",0.209605557173491,0.694155029319227,0.117906309664249,"random",3
"154",0.709179096892476,0.201476382091641,0.160141974687576,"random",3
"155",0.955507178464904,0.0227985417377204,2.00953006744385,"random",3
"156",0.0661132959090173,0.646498475922272,0.116639696061611,"random",3
"157",0.150947756795213,0.816278945803642,0.111998118460178,"random",3
"158",0.28868157768622,0.480544875701889,0.114799492061138,"random",3
"159",0.810223654173315,0.0444876047503203,0.268965691328049,"random",3
"160",0.76946209045127,0.158025971045718,0.226441368460655,"random",3
"161",0.0855214531254023,0.731886899732053,0.140708148479462,"random",3
"162",0.373935905462131,0.944537110282108,0.100717447698116,"random",3
"163",0.60235500597395,0.575512083945796,0.129359602928162,"random",3
"164",0.516691199271008,0.448732452411205,0.124254904687405,"random",3
"165",0.580258635692298,0.417253922233358,0.124212749302387,"random",3
"166",0.857698501842096,0.251645691422746,0.407677888870239,"random",3
"167",0.0163669551350176,0.778660643370822,0.151063591241837,"random",3
"168",0.744953671563417,0.11010982840322,0.191730633378029,"random",3
"169",0.902042514299974,0.638285621749237,0.799342751502991,"random",3
"170",0.262149986131117,0.966256843069568,0.104094736278057,"random",3
"171",0.427840774785727,0.542127192737535,0.0986979901790619,"random",3
"172",0.653448851434514,0.361460771746933,0.13540218770504,"random",3
"173",0.961545516867191,0.917800983292982,2.02333521842957,"random",3
"174",0.351775171849877,0.185302036385983,0.0997256264090538,"random",3
"175",0.164218615395948,0.857748541869223,0.109653025865555,"random",3
"176",0.01,0.01,0.155707120895386,"grid",3
"177",0.25,0.01,0.113309569656849,"grid",3
"178",0.5,0.01,0.113645374774933,"grid",3
"179",0.75,0.01,0.188827589154243,"grid",3
"180",0.99,0.01,2.30212330818176,"grid",3
"181",0.01,0.25,0.142291009426117,"grid",3
"182",0.25,0.25,0.10483580827713,"grid",3
"183",0.5,0.25,0.112033143639565,"grid",3
"184",0.75,0.25,0.184832990169525,"grid",3
"185",0.99,0.25,2.30205965042114,"grid",3
"186",0.01,0.5,0.148100107908249,"grid",3
"187",0.25,0.5,0.110663190484047,"grid",3
"188",0.5,0.5,0.0986210852861404,"grid",3
"189",0.75,0.5,0.190316155552864,"grid",3
"190",0.99,0.5,2.30215239524841,"grid",3
"191",0.01,0.75,0.125144883990288,"grid",3
"192",0.25,0.75,0.106845043599606,"grid",3
"193",0.5,0.75,0.106996297836304,"grid",3
"194",0.75,0.75,0.190316244959831,"grid",3
"195",0.99,0.75,2.30213809013367,"grid",3
"196",0.01,0.99,0.138023108243942,"grid",3
"197",0.25,0.99,0.117507345974445,"grid",3
"198",0.5,0.99,0.113967023789883,"grid",3
"199",0.75,0.99,0.182693481445312,"grid",3
"200",0.99,0.99,2.30209589004517,"grid",3
"201",0.336226894733651,0.780317713875168,0.102558642625809,"bayesian",3
"202",0.575621904688887,0.228438309393823,0.116914980113506,"bayesian",3
"203",0.130023305983438,0.546920098655391,0.122422732412815,"bayesian",3
"204",0.964137026729683,0.369485993306929,2.03036975860596,"bayesian",3
"205",0.170318309683353,0.600007331871893,0.113833427429199,"bayesian",3
"206",0.615241968635625,0.697803961054888,0.135136723518372,"bayesian",3
"207",0.695133573860706,0.0327660510665737,0.154320746660233,"bayesian",3
"208",0.483846119391577,0.0955352466747475,0.11201636493206,"bayesian",3
"209",0.327340733803188,0.324431157826136,0.106820359826088,"bayesian",3
"210",0.904392746878633,0.497653189949536,0.958225071430206,"bayesian",3
"211",0.782313622165626,0.886884241752947,0.230466112494469,"bayesian",3
"212",0.0685699020978063,0.987775273873316,0.136950314044952,"bayesian",3
"213",0.169902849090126,0.780988242204187,0.117231771349907,"bayesian",3
"214",0.302561317465736,0.999,0.0980998352169991,"bayesian",3
"215",0.268312957042931,0.874819649672948,0.101746834814548,"bayesian",3
"216",0.262850651024617,0.999,0.0952506586909294,"bayesian",3
"217",0.267481906389907,0.999,0.106331363320351,"bayesian",3
"218",0.283550069609846,0.972640156874381,0.110044181346893,"bayesian",3
"219",0.281558366996157,0.999,0.115137591958046,"bayesian",3
"220",0.271062518929757,0.999,0.107076078653336,"bayesian",3
"221",0.276007313173236,0.999,0.106595404446125,"bayesian",3
"222",0.277445130904922,0.999,0.110057294368744,"bayesian",3
"223",0.277811050306267,0.999,0.108727939426899,"bayesian",3
"224",0.278248082500199,0.999,0.104171007871628,"bayesian",3
"225",0.278947162157,0.999,0.0953275859355927,"bayesian",3
"226",0.638459328925237,0.304623134052381,0.13225694000721,"random",4
"227",0.430488042002544,0.709220411349088,0.114084362983704,"random",4
"228",0.987093764990568,0.81478486225009,2.30213665962219,"random",4
"229",0.798284258330241,0.25056098472327,0.255057811737061,"random",4
"230",0.129596939599141,0.905564698828384,0.115146301686764,"random",4
"231",0.177790881618857,0.356552395150065,0.117597252130508,"random",4
"232",0.682633547084406,0.771365471873432,0.14385786652565,"random",4
"233",0.670493210908025,0.96548736859113,0.150378003716469,"random",4
"234",0.367507225479931,0.742670950386673,0.106585741043091,"random",4
"235",0.560254824543372,0.22459395552054,0.112942352890968,"random",4
"236",0.0971274956315756,0.0968063634540886,0.1157086789608,"random",4
"237",0.520548388427123,0.947523676762357,0.112959615886211,"random",4
"238",0.943507710639387,0.60645176852122,2.0069899559021,"random",4
"239",0.478276043673977,0.879877829970792,0.120201081037521,"random",4
"240",0.00949991236440837,0.187904833778739,0.145143240690231,"random",4
"241",0.0638437417149544,0.0472903791069984,0.126048654317856,"random",4
"242",0.224103587381542,0.41060701308772,0.107304848730564,"random",4
"243",0.8806955482997,0.14459979519248,0.591781139373779,"random",4
"244",0.243344585634768,0.657893671253696,0.110294058918953,"random",4
"245",0.721007434707135,0.382565679838881,0.179146826267242,"random",4
"246",0.825522750718519,0.471805209899321,0.300894111394882,"random",4
"247",0.501887339288369,0.516491404771805,0.111387878656387,"random",4
"248",0.867599931629375,0.0297376799304038,0.478690177202225,"random",4
"249",0.308670496363193,0.522446269989014,0.101316124200821,"random",4
"250",0.351107357973233,0.599117717593908,0.110859408974648,"random",4
"251",0.01,0.01,0.14700984954834,"grid",4
"252",0.25,0.01,0.099762961268425,"grid",4
"253",0.5,0.01,0.113092832267284,"grid",4
"254",0.75,0.01,0.198971390724182,"grid",4
"255",0.99,0.01,2.30212211608887,"grid",4
"256",0.01,0.25,0.126150339841843,"grid",4
"257",0.25,0.25,0.109035685658455,"grid",4
"258",0.5,0.25,0.105732828378677,"grid",4
"259",0.75,0.25,0.18192820250988,"grid",4
"260",0.99,0.25,2.30212950706482,"grid",4
"261",0.01,0.5,0.128450527787209,"grid",4
"262",0.25,0.5,0.113088510930538,"grid",4
"263",0.5,0.5,0.114899985492229,"grid",4
"264",0.75,0.5,0.197793677449226,"grid",4
"265",0.99,0.5,2.30220985412598,"grid",4
"266",0.01,0.75,0.139226049184799,"grid",4
"267",0.25,0.75,0.107424080371857,"grid",4
"268",0.5,0.75,0.112957008183002,"grid",4
"269",0.75,0.75,0.193003341555595,"grid",4
"270",0.99,0.75,2.30203938484192,"grid",4
"271",0.01,0.99,0.148877307772636,"grid",4
"272",0.25,0.99,0.114234998822212,"grid",4
"273",0.5,0.99,0.109270453453064,"grid",4
"274",0.75,0.99,0.194638609886169,"grid",4
"275",0.99,0.99,2.30210781097412,"grid",4
"276",0.812619473552331,0.778660012603117,0.274497002363205,"bayesian",4
"277",0.647484087734483,0.746130811690819,0.136541545391083,"bayesian",4
"278",0.032633820315823,0.306853661391263,0.126477941870689,"bayesian",4
"279",0.153514099559591,0.166004176853069,0.118910901248455,"bayesian",4
"280",0.351156394851084,0.914270123195214,0.11035181581974,"bayesian",4
"281",0.417702031477044,0.545169928227551,0.102779254317284,"bayesian",4
"282",0.510318391548935,0.970155085883258,0.113643191754818,"bayesian",4
"283",0.256025784745968,0.246925464326826,0.102816663682461,"bayesian",4
"284",0.247932150009243,0.437997068763555,0.107493750751019,"bayesian",4
"285",0.976745500209896,0.068399389507249,2.30201625823975,"bayesian",4
"286",0.889189543241324,0.626737447804771,0.700185120105743,"bayesian",4
"287",0.676144320575986,0.412005173430468,0.146680548787117,"bayesian",4
"288",0.518505725067067,0.138437951048952,0.111084491014481,"bayesian",4
"289",0.524051485944488,0.356467205757876,0.120226666331291,"bayesian",4
"290",0.35502747097356,0.596273845834426,0.10425740480423,"bayesian",4
"291",0.426522417207478,0.999,0.114773817360401,"bayesian",4
"292",0.441915915553642,0.759418647638622,0.0969956368207932,"bayesian",4
"293",0.4363458905488,0.747228655826206,0.106883719563484,"bayesian",4
"294",0.414782050151059,0.698154696712195,0.109949849545956,"bayesian",4
"295",0.439835011044631,0.851398473091979,0.107291482388973,"bayesian",4
"296",0.279770344138481,0.351277057808827,0.104831352829933,"bayesian",4
"297",0.415620502324398,0.658715240158846,0.109056033194065,"bayesian",4
"298",0.406408500823739,0.678826137746258,0.11014261841774,"bayesian",4
"299",0.457948962279531,0.789732791687848,0.11401642113924,"bayesian",4
"300",0.375195762155142,0.626870642446355,0.110035225749016,"bayesian",4
"301",0.434058707691729,0.958192431852221,0.116456441581249,"random",5
"302",0.834735472621396,0.773563088718802,0.314348429441452,"random",5
"303",0.649932569582015,0.815076857730746,0.143770560622215,"random",5
"304",0.25441573208198,0.176223344653845,0.100815080106258,"random",5
"305",0.637187666930258,0.0317694542743266,0.135278612375259,"random",5
"306",0.397742333086207,0.681728123566136,0.100710019469261,"random",5
"307",0.591437636576593,0.375850308658555,0.130028486251831,"random",5
"308",0.296352902259678,0.237676413049921,0.107787594199181,"random",5
"309",0.778096348615363,0.426351182283834,0.206157028675079,"random",5
"310",0.0843185784015805,0.133148877257481,0.114854902029037,"random",5
"311",0.332655324134976,0.292667283695191,0.0985409542918205,"random",5
"312",0.078972803298384,0.116053154300898,0.130521222949028,"random",5
"313",0.708186283651739,0.356311653712764,0.16169598698616,"random",5
"314",0.457570097176358,0.887744127558544,0.114287376403809,"random",5
"315",0.738507909355685,0.461005210028961,0.180065646767616,"random",5
"316",0.490693478286266,0.633877554023638,0.114175394177437,"random",5
"317",0.559402157170698,0.650935487486422,0.123657114803791,"random",5
"318",0.206836066050455,0.85031915480271,0.107973247766495,"random",5
"319",0.925795887997374,0.579774376256391,1.46427845954895,"random",5
"320",0.127488827342167,0.997398290513083,0.115620858967304,"random",5
"321",0.0255510768480599,0.517379157794639,0.142380520701408,"random",5
"322",0.897560362443328,0.0527620007935911,0.739638984203339,"random",5
"323",0.868283320134506,0.724031400857493,0.635652363300323,"random",5
"324",0.972024342212826,0.554904521983117,2.3020806312561,"random",5
"325",0.196666987454519,0.267377770496532,0.106330037117004,"random",5
"326",0.01,0.01,0.130955904722214,"grid",5
"327",0.25,0.01,0.110615834593773,"grid",5
"328",0.5,0.01,0.10509204864502,"grid",5
"329",0.75,0.01,0.196704268455505,"grid",5
"330",0.99,0.01,2.30211162567139,"grid",5
"331",0.01,0.25,0.133267804980278,"grid",5
"332",0.25,0.25,0.106434434652328,"grid",5
"333",0.5,0.25,0.110810570418835,"grid",5
"334",0.75,0.25,0.199763655662537,"grid",5
"335",0.99,0.25,2.30217361450195,"grid",5
"336",0.01,0.5,0.142659142613411,"grid",5
"337",0.25,0.5,0.103839822113514,"grid",5
"338",0.5,0.5,0.118973977863789,"grid",5
"339",0.75,0.5,0.196590006351471,"grid",5
"340",0.99,0.5,2.30219316482544,"grid",5
"341",0.01,0.75,0.13236702978611,"grid",5
"342",0.25,0.75,0.105451568961143,"grid",5
"343",0.5,0.75,0.105433255434036,"grid",5
"344",0.75,0.75,0.179012387990952,"grid",5
"345",0.99,0.75,2.30209827423096,"grid",5
"346",0.01,0.99,0.128608837723732,"grid",5
"347",0.25,0.99,0.101261399686337,"grid",5
"348",0.5,0.99,0.111025586724281,"grid",5
"349",0.75,0.99,0.189355179667473,"grid",5
"350",0.99,0.99,2.30210781097412,"grid",5
"351",0.107468813754773,0.407147874628815,0.116243302822113,"bayesian",5
"352",0.334405642390872,0.609946229572718,0.101900719106197,"bayesian",5
"353",0.511632953654043,0.526282709479953,0.118389524519444,"bayesian",5
"354",0.810879926139023,0.207362451260754,0.261630952358246,"bayesian",5
"355",0.916735840282248,0.104659584273274,1.39009094238281,"bayesian",5
"356",0.726772017602343,0.755017362146949,0.172161281108856,"bayesian",5
"357",0.608386406461553,0.4492800970523,0.137684434652328,"bayesian",5
"358",0.0387767166054497,0.83749542858762,0.137764781713486,"bayesian",5
"359",0.239945416959623,0.72148869727971,0.103101082146168,"bayesian",5
"360",0.879943411292819,0.957054492687651,0.566103339195251,"bayesian",5
"361",0.442313518064717,0.295347294653766,0.116204485297203,"bayesian",5
"362",0.253227091103327,0.0509212344768457,0.109051145613194,"bayesian",5
"363",0.001,0.494196710346683,0.125641241669655,"bayesian",5
"364",0.999,0.587286219131545,2.30147075653076,"bayesian",5
"365",0.404638470478381,0.999,0.106504790484905,"bayesian",5
"366",0.422673734655569,0.679228510364807,0.0994156822562218,"bayesian",5
"367",0.428918450228603,0.594720406072367,0.103462189435959,"bayesian",5
"368",0.44001616066124,0.840263659730061,0.113542996346951,"bayesian",5
"369",0.322049773674835,0.940731537688284,0.0999080985784531,"bayesian",5
"370",0.361906857555228,0.827952711508898,0.0994958728551865,"bayesian",5
"371",0.39047112105129,0.792849517874719,0.101556956768036,"bayesian",5
"372",0.208598854620121,0.422814418852253,0.110496766865253,"bayesian",5
"373",0.311423411733995,0.719570982399552,0.106527231633663,"bayesian",5
"374",0.398121969937283,0.717882624060239,0.0995409563183784,"bayesian",5
"375",0.395905314131826,0.711952350274546,0.110788352787495,"bayesian",5
"376",0.995636029429734,0.863782772561535,2.30207514762878,"random",6
"377",0.654428261658177,0.272227308750153,0.13912545144558,"random",6
"378",0.0546341220568866,0.951259994609281,0.119963392615318,"random",6
"379",0.129402584135532,0.138199252635241,0.114281080663204,"random",6
"380",0.348048897823319,0.588038806021214,0.104627408087254,"random",6
"381",0.380728077497333,0.434822609378025,0.0981084108352661,"random",6
"382",0.195398261602968,0.0560578481294215,0.109011091291904,"random",6
"383",0.56920967628248,0.318508030390367,0.117439985275269,"random",6
"384",0.402844067914411,0.709834731807932,0.10103752464056,"random",6
"385",0.20183920878917,0.618809984605759,0.108703203499317,"random",6
"386",0.0387132300436497,0.559757300447673,0.136681452393532,"random",6
"387",0.0900667385943234,0.908552010301501,0.129282385110855,"random",6
"388",0.768420432452112,0.777203677482903,0.201742693781853,"random",6
"389",0.861722562387586,0.453321669390425,0.472455084323883,"random",6
"390",0.517202670732513,0.834973936416209,0.117461763322353,"random",6
"391",0.528306574495509,0.164660634389147,0.112158372998238,"random",6
"392",0.247468324825168,0.351476677870378,0.104532226920128,"random",6
"393",0.828014369467273,0.641153048379347,0.311731517314911,"random",6
"394",0.448970644613728,0.759567743455991,0.107012942433357,"random",6
"395",0.944417677326128,0.226612145211548,1.91181814670563,"random",6
"396",0.280505497679114,0.991903541469947,0.101628817617893,"random",6
"397",0.610909843333066,0.113343968987465,0.128110498189926,"random",6
"398",0.889094610847533,0.381632825182751,0.846340417861938,"random",6
"399",0.735486004911363,0.509268273124471,0.170983374118805,"random",6
"400",0.715910977935418,0.000836335066705942,0.165135562419891,"random",6
"401",0.01,0.01,0.131059750914574,"grid",6
"402",0.25,0.01,0.0987707450985909,"grid",6
"403",0.5,0.01,0.11045690625906,"grid",6
"404",0.75,0.01,0.185148075222969,"grid",6
"405",0.99,0.01,2.30213499069214,"grid",6
"406",0.01,0.25,0.136942252516747,"grid",6
"407",0.25,0.25,0.110454455018044,"grid",6
"408",0.5,0.25,0.111525788903236,"grid",6
"409",0.75,0.25,0.193390339612961,"grid",6
"410",0.99,0.25,2.30204033851624,"grid",6
"411",0.01,0.5,0.137773558497429,"grid",6
"412",0.25,0.5,0.108060374855995,"grid",6
"413",0.5,0.5,0.118011049926281,"grid",6
"414",0.75,0.5,0.192829430103302,"grid",6
"415",0.99,0.5,2.30210065841675,"grid",6
"416",0.01,0.75,0.140692487359047,"grid",6
"417",0.25,0.75,0.106046237051487,"grid",6
"418",0.5,0.75,0.113013811409473,"grid",6
"419",0.75,0.75,0.203086853027344,"grid",6
"420",0.99,0.75,2.30207753181458,"grid",6
"421",0.01,0.99,0.129132941365242,"grid",6
"422",0.25,0.99,0.109306000173092,"grid",6
"423",0.5,0.99,0.107642911374569,"grid",6
"424",0.75,0.99,0.196453675627708,"grid",6
"425",0.99,0.99,2.30218100547791,"grid",6
"426",0.410941709667289,0.4235124066084,0.102846302092075,"bayesian",6
"427",0.267156410302656,0.56045125721721,0.106637082993984,"bayesian",6
"428",0.190895910685261,0.796086381713394,0.103759542107582,"bayesian",6
"429",0.437915057157322,0.950092829686279,0.109979249536991,"bayesian",6
"430",0.880896469345316,0.611367548757698,0.713431060314178,"bayesian",6
"431",0.0666912809829228,0.139843670709524,0.124722421169281,"bayesian",6
"432",0.971433073282242,0.335898618989935,2.3020920753479,"bayesian",6
"433",0.15366541732025,0.833340767868018,0.1223019734025,"bayesian",6
"434",0.737647951735804,0.266756031565213,0.182405233383179,"bayesian",6
"435",0.644054673728533,0.0743867038981989,0.134951189160347,"bayesian",6
"436",0.750463070134477,0.192870738993709,0.181762397289276,"bayesian",6
"437",0.572060261426183,0.73089879595985,0.117640390992165,"bayesian",6
"438",0.251964568021471,0.999,0.119430907070637,"bayesian",6
"439",0.376685095032046,0.618770741545308,0.100601397454739,"bayesian",6
"440",0.379696434180153,0.481931157752538,0.111116655170918,"bayesian",6
"441",0.792228815246506,0.999,0.244452208280563,"bayesian",6
"442",0.488257393249744,0.664144579376624,0.113849639892578,"bayesian",6
"443",0.300887253823511,0.799158358658413,0.105614729225636,"bayesian",6
"444",0.373189914221406,0.829892760823038,0.104059837758541,"bayesian",6
"445",0.411243659597131,0.606424207071891,0.111400857567787,"bayesian",6
"446",0.339871098217192,0.686514915919006,0.102032788097858,"bayesian",6
"447",0.361961407073822,0.716367933005321,0.110015280544758,"bayesian",6
"448",0.001,0.568120607583573,0.12663908302784,"bayesian",6
"449",0.16287713821003,0.662561185610983,0.119846895337105,"bayesian",6
"450",0.291704662837204,0.832508550261096,0.0996213555335999,"bayesian",6
"451",0.621914168922231,0.469276005290449,0.139399498701096,"random",7
"452",0.386888776831329,0.978451112145558,0.0981314405798912,"random",7
"453",0.184577279984951,0.62049438321963,0.104951180517673,"random",7
"454",0.76269851799123,0.570860780943185,0.202891483902931,"random",7
"455",0.755563206458464,0.81541093474254,0.18970400094986,"random",7
"456",0.111689444854856,0.0171846458315849,0.11582275480032,"random",7
"457",0.23576640272513,0.511102283084765,0.107226073741913,"random",7
"458",0.442691158829257,0.112034071767703,0.106696248054504,"random",7
"459",0.950696124993265,0.396709503298625,2.01393246650696,"random",7
"460",0.967097363807261,0.672260829284787,2.2907121181488,"random",7
"461",0.690748234381899,0.202908498663455,0.157733991742134,"random",7
"462",0.355224110586569,0.288016795422882,0.106177449226379,"random",7
"463",0.001913778539747,0.864083163682371,0.127217262983322,"random",7
"464",0.0630296632740647,0.12374785207212,0.131001204252243,"random",7
"465",0.300846394374967,0.194506689775735,0.101673796772957,"random",7
"466",0.594382758587599,0.255651112990454,0.125656142830849,"random",7
"467",0.806801393060014,0.686495531750843,0.26019686460495,"random",7
"468",0.648810505047441,0.0580985018610954,0.139113306999207,"random",7
"469",0.521315454058349,0.721795532526448,0.112442053854465,"random",7
"470",0.242153058396652,0.774718650644645,0.102731712162495,"random",7
"471",0.845981919970363,0.942153028938919,0.347698926925659,"random",7
"472",0.403412782028317,0.88024497622624,0.101369515061378,"random",7
"473",0.899987712670118,0.42783950407058,0.934865474700928,"random",7
"474",0.499137844713405,0.35729692813009,0.110470801591873,"random",7
"475",0.129731208020821,0.530930942986161,0.12305898219347,"random",7
"476",0.01,0.01,0.139648824930191,"grid",7
"477",0.25,0.01,0.103060699999332,"grid",7
"478",0.5,0.01,0.110271014273167,"grid",7
"479",0.75,0.01,0.19044403731823,"grid",7
"480",0.99,0.01,2.30212378501892,"grid",7
"481",0.01,0.25,0.121975913643837,"grid",7
"482",0.25,0.25,0.10574908554554,"grid",7
"483",0.5,0.25,0.125205591320992,"grid",7
"484",0.75,0.25,0.193767786026001,"grid",7
"485",0.99,0.25,2.30219578742981,"grid",7
"486",0.01,0.5,0.153197973966599,"grid",7
"487",0.25,0.5,0.10652419179678,"grid",7
"488",0.5,0.5,0.103529497981071,"grid",7
"489",0.75,0.5,0.19126108288765,"grid",7
"490",0.99,0.5,2.30207848548889,"grid",7
"491",0.01,0.75,0.142901957035065,"grid",7
"492",0.25,0.75,0.107064984738827,"grid",7
"493",0.5,0.75,0.116212658584118,"grid",7
"494",0.75,0.75,0.186915874481201,"grid",7
"495",0.99,0.75,2.30211997032166,"grid",7
"496",0.01,0.99,0.139293253421783,"grid",7
"497",0.25,0.99,0.114653035998344,"grid",7
"498",0.5,0.99,0.118418172001839,"grid",7
"499",0.75,0.99,0.192271247506142,"grid",7
"500",0.99,0.99,2.30212426185608,"grid",7
"501",0.489904312242288,0.733106309101762,0.115211211144924,"bayesian",7
"502",0.0740537939515586,0.965196080796886,0.134063765406609,"bayesian",7
"503",0.628100942102416,0.226352456743674,0.140980988740921,"bayesian",7
"504",0.182937819918152,0.362343251724572,0.107473507523537,"bayesian",7
"505",0.713565935924028,0.659333531162702,0.16120956838131,"bayesian",7
"506",0.89937167368286,0.0258071453426965,0.766900479793549,"bayesian",7
"507",0.378120325990797,0.111839762791836,0.104940377175808,"bayesian",7
"508",0.157299052264231,0.419435796541317,0.118203900754452,"bayesian",7
"509",0.968469733663369,0.76077154406812,2.3021125793457,"bayesian",7
"510",0.263699084714365,0.536803929678475,0.10766376554966,"bayesian",7
"511",0.507157733334073,0.319929911502792,0.112911559641361,"bayesian",7
"512",0.764521275511167,0.904692149721086,0.19813759624958,"bayesian",7
"513",0.270754792177035,0.302872950953357,0.0966969132423401,"bayesian",7
"514",0.238909108677233,0.372760765806517,0.106409534811974,"bayesian",7
"515",0.001,0.001,0.123606957495213,"bayesian",7
"516",0.142607859906428,0.001,0.125346183776855,"bayesian",7
"517",0.362930397838015,0.324326929000736,0.10150483250618,"bayesian",7
"518",0.268640585597763,0.186898159061691,0.106593519449234,"bayesian",7
"519",0.308720543066413,0.319972478434306,0.111387245357037,"bayesian",7
"520",0.015838239290998,0.481054560806576,0.141925930976868,"bayesian",7
"521",0.094328857663951,0.261186928646136,0.131317272782326,"bayesian",7
"522",0.181733768624416,0.16027065102552,0.115755401551723,"bayesian",7
"523",0.398573302804891,0.999,0.110338538885117,"bayesian",7
"524",0.275523813944188,0.374551675114225,0.106897696852684,"bayesian",7
"525",0.299744373615895,0.253741881740115,0.104595467448235,"bayesian",7
"526",0.603495773039758,0.0520241953525692,0.131289213895798,"random",8
"527",0.946365977497771,0.23928067356348,1.79911363124847,"random",8
"528",0.889936378868297,0.860930786784738,0.815086007118225,"random",8
"529",0.223127741087228,0.177046613432467,0.110107973217964,"random",8
"530",0.474156598458067,0.144683176884428,0.107400231063366,"random",8
"531",0.332358856247738,0.244754108339548,0.105330631136894,"random",8
"532",0.748774881577119,0.716819225167856,0.185477524995804,"random",8
"533",0.682661132374778,0.431119801187888,0.145659491419792,"random",8
"534",0.65279418556951,0.56142992191948,0.139256238937378,"random",8
"535",0.411596417287365,0.554929744778201,0.103276461362839,"random",8
"536",0.291549366209656,0.961546154115349,0.108511656522751,"random",8
"537",0.14459630869329,0.351649925047532,0.110327310860157,"random",8
"538",0.198914887392893,0.28063721283339,0.102964274585247,"random",8
"539",0.57363302346319,0.469398504337296,0.117433063685894,"random",8
"540",0.25765347680077,0.927498239083216,0.100703828036785,"random",8
"541",0.790793131105602,0.672169822258875,0.246905982494354,"random",8
"542",0.0171311822813004,0.808093908028677,0.16343779861927,"random",8
"543",0.493820754159242,0.615579740097746,0.107229612767696,"random",8
"544",0.384794580824673,0.775641522239894,0.110612973570824,"random",8
"545",0.530688426140696,0.363339802874252,0.118153959512711,"random",8
"546",0.969985926747322,0.884021015092731,2.16851449012756,"random",8
"547",0.87194168898277,0.102113798977807,0.491391509771347,"random",8
"548",0.839373393282294,0.731782896639779,0.355920940637589,"random",8
"549",0.0722182579338551,0.036211683191359,0.125531762838364,"random",8
"550",0.0943096263334155,0.512159588420764,0.117130190134048,"random",8
"551",0.01,0.01,0.129717499017715,"grid",8
"552",0.25,0.01,0.108786672353745,"grid",8
"553",0.5,0.01,0.110851868987083,"grid",8
"554",0.75,0.01,0.197378233075142,"grid",8
"555",0.99,0.01,2.30206513404846,"grid",8
"556",0.01,0.25,0.138532444834709,"grid",8
"557",0.25,0.25,0.106662660837173,"grid",8
"558",0.5,0.25,0.117588542401791,"grid",8
"559",0.75,0.25,0.189950108528137,"grid",8
"560",0.99,0.25,2.30205512046814,"grid",8
"561",0.01,0.5,0.138334885239601,"grid",8
"562",0.25,0.5,0.114627122879028,"grid",8
"563",0.5,0.5,0.110324442386627,"grid",8
"564",0.75,0.5,0.180613711476326,"grid",8
"565",0.99,0.5,2.30208826065063,"grid",8
"566",0.01,0.75,0.131557986140251,"grid",8
"567",0.25,0.75,0.101048439741135,"grid",8
"568",0.5,0.75,0.104892238974571,"grid",8
"569",0.75,0.75,0.185287430882454,"grid",8
"570",0.99,0.75,2.30214023590088,"grid",8
"571",0.01,0.99,0.13282223045826,"grid",8
"572",0.25,0.99,0.115116879343987,"grid",8
"573",0.5,0.99,0.112340822815895,"grid",8
"574",0.75,0.99,0.187530845403671,"grid",8
"575",0.99,0.99,2.30207085609436,"grid",8
"576",0.990858027148837,0.567361843015533,2.30207800865173,"bayesian",8
"577",0.837099762400612,0.0885725520395984,0.343994617462158,"bayesian",8
"578",0.462474445055705,0.0547192654921673,0.112222276628017,"bayesian",8
"579",0.761323869461194,0.6931191572221,0.19448709487915,"bayesian",8
"580",0.516634713683743,0.618300999204318,0.121417015790939,"bayesian",8
"581",0.275938448612578,0.254028966010083,0.106119610369205,"bayesian",8
"582",0.053095958835911,0.183128803677391,0.130049780011177,"bayesian",8
"583",0.630187843188954,0.80261874695619,0.134272217750549,"bayesian",8
"584",0.163595462082109,0.874398015555926,0.11470603197813,"bayesian",8
"585",0.70197573742674,0.432316274537394,0.154849857091904,"bayesian",8
"586",0.238925966919245,0.962366684068305,0.105422280728817,"bayesian",8
"587",0.341468057071324,0.337629501533229,0.108857393264771,"bayesian",8
"588",0.429879534906148,0.999,0.0994672849774361,"bayesian",8
"589",0.430969868263128,0.649794488311528,0.102561622858047,"bayesian",8
"590",0.424087160579752,0.999,0.107624113559723,"bayesian",8
"591",0.529059702243013,0.999,0.116845153272152,"bayesian",8
"592",0.471315807543989,0.999,0.110912553966045,"bayesian",8
"593",0.387491019092593,0.999,0.10123647749424,"bayesian",8
"594",0.001,0.999,0.12260278314352,"bayesian",8
"595",0.379918490792533,0.999,0.103342659771442,"bayesian",8
"596",0.390552484364725,0.999,0.106194786727428,"bayesian",8
"597",0.396683482937022,0.999,0.112212486565113,"bayesian",8
"598",0.396303982262352,0.999,0.0996599495410919,"bayesian",8
"599",0.388369477075541,0.999,0.110254913568497,"bayesian",8
"600",0.398815041442867,0.999,0.10303995013237,"bayesian",8
"601",0.284184193732217,0.738886558264494,0.114017076790333,"random",9
"602",0.0802242967672646,0.458799289828166,0.128108993172646,"random",9
"603",0.644249721188098,0.0776511368528008,0.137152254581451,"random",9
"604",0.441515462109819,0.681541476547718,0.102612122893333,"random",9
"605",0.339680673545226,0.990537110660225,0.106826618313789,"random",9
"606",0.0554603311978281,0.76494545548223,0.12860606610775,"random",9
"607",0.804629971561953,0.351251882342622,0.239298522472382,"random",9
"608",0.576686352137476,0.833190417513251,0.122797898948193,"random",9
"609",0.251739620119333,0.620777193661779,0.104724138975143,"random",9
"610",0.150950476368889,0.315094371819869,0.119625903666019,"random",9
"611",0.54115699169226,0.58006348842755,0.122753001749516,"random",9
"612",0.738299392452463,0.864598056310788,0.182735875248909,"random",9
"613",0.680093253692612,0.175731094647199,0.144571915268898,"random",9
"614",0.43293148772791,0.403395753940567,0.108796305954456,"random",9
"615",0.495767741687596,0.00252285158261657,0.112744927406311,"random",9
"616",0.868688172735274,0.647820758568123,0.502875745296478,"random",9
"617",0.940284123178571,0.258746446855366,2.00016498565674,"random",9
"618",0.193083065571263,0.116617683982477,0.108583107590675,"random",9
"619",0.227070670546964,0.374978653229773,0.112200111150742,"random",9
"620",0.963348636841401,0.520836669765413,2.02865624427795,"random",9
"621",0.00992116479203105,0.487249641828239,0.138382896780968,"random",9
"622",0.376434463318437,0.921291231196374,0.104436777532101,"random",9
"623",0.905267737722024,0.200229230392724,1.04235744476318,"random",9
"624",0.639404613319784,0.158246286818758,0.137433871626854,"random",9
"625",0.765979852592573,0.901055229166523,0.202548861503601,"random",9
"626",0.01,0.01,0.134509816765785,"grid",9
"627",0.25,0.01,0.0994057804346085,"grid",9
"628",0.5,0.01,0.113964855670929,"grid",9
"629",0.75,0.01,0.198469072580338,"grid",9
"630",0.99,0.01,2.30227899551392,"grid",9
"631",0.01,0.25,0.122402690351009,"grid",9
"632",0.25,0.25,0.102757550776005,"grid",9
"633",0.5,0.25,0.103834666311741,"grid",9
"634",0.75,0.25,0.194780737161636,"grid",9
"635",0.99,0.25,2.30210757255554,"grid",9
"636",0.01,0.5,0.152108028531075,"grid",9
"637",0.25,0.5,0.109819874167442,"grid",9
"638",0.5,0.5,0.112008616328239,"grid",9
"639",0.75,0.5,0.191757634282112,"grid",9
"640",0.99,0.5,2.30202150344849,"grid",9
"641",0.01,0.75,0.140168368816376,"grid",9
"642",0.25,0.75,0.101503491401672,"grid",9
"643",0.5,0.75,0.110976316034794,"grid",9
"644",0.75,0.75,0.195283249020576,"grid",9
"645",0.99,0.75,2.30197286605835,"grid",9
"646",0.01,0.99,0.130553767085075,"grid",9
"647",0.25,0.99,0.110020592808723,"grid",9
"648",0.5,0.99,0.117932923138142,"grid",9
"649",0.75,0.99,0.18295893073082,"grid",9
"650",0.99,0.99,2.3020703792572,"grid",9
"651",0.0654931328414629,0.815533234291555,0.139742136001587,"bayesian",9
"652",0.983286683738697,0.374652630183846,2.30212426185608,"bayesian",9
"653",0.603643550382306,0.679915243817959,0.135711714625359,"bayesian",9
"654",0.734365062070234,0.318284901266452,0.177319809794426,"bayesian",9
"655",0.425776067597326,0.657244264225786,0.111519701778889,"bayesian",9
"656",0.31173771804121,0.999317652060805,0.108955003321171,"bayesian",9
"657",0.15362293634098,0.249792843145163,0.119650661945343,"bayesian",9
"658",0.216318343106347,0.844133037569312,0.106569439172745,"bayesian",9
"659",0.375661791185848,0.154640701948665,0.104944877326488,"bayesian",9
"660",0.862121814570855,0.542356992256828,0.399216949939728,"bayesian",9
"661",0.577202523418237,0.470640533332092,0.116324201226234,"bayesian",9
"662",0.78759328549495,0.0574684802947255,0.230687126517296,"bayesian",9
"663",0.661130259930159,0.001,0.152345731854439,"bayesian",9
"664",0.532111859010643,0.001,0.120490550994873,"bayesian",9
"665",0.001,0.001,0.130722880363464,"bayesian",9
"666",0.275822612639129,0.001,0.100665025413036,"bayesian",9
"667",0.315160001017221,0.152704216607499,0.102214820683002,"bayesian",9
"668",0.31670176581162,0.001,0.103103280067444,"bayesian",9
"669",0.282816219307009,0.0592811682399554,0.11432071775198,"bayesian",9
"670",0.110662509118128,0.001,0.131244599819183,"bayesian",9
"671",0.185127162755202,0.001,0.105874866247177,"bayesian",9
"672",0.29158934821379,0.001,0.106042712926865,"bayesian",9
"673",0.226884482149449,0.001,0.10199362039566,"bayesian",9
"674",0.25224964275457,0.001,0.103597044944763,"bayesian",9
"675",0.233562100854367,0.001,0.101837828755379,"bayesian",9
"676",0.928854280607775,0.701296273227781,1.60428559780121,"random",10
"677",0.383610251620412,0.362845768053085,0.100986905395985,"random",10
"678",0.627134834639728,0.751064822115004,0.131944835186005,"random",10
"679",0.706398025983945,0.655664498833939,0.16900460422039,"random",10
"680",0.494189017638564,0.0815327643509954,0.114210873842239,"random",10
"681",0.0688677089009434,0.32638946368359,0.132100865244865,"random",10
"682",0.80207974572666,0.821268596267328,0.244737103581429,"random",10
"683",0.980885882386938,0.228271327912807,2.302090883255,"random",10
"684",0.844252379257232,0.503036069516093,0.37945145368576,"random",10
"685",0.224439640380442,0.0244232233520597,0.120547361671925,"random",10
"686",0.158943973816931,0.946604103548452,0.113518811762333,"random",10
"687",0.240945777967572,0.596253476049751,0.110507518053055,"random",10
"688",0.899711577501148,0.863564683338627,0.82381808757782,"random",10
"689",0.56088582592085,0.270056326938793,0.136811792850494,"random",10
"690",0.176196351163089,0.161215508198366,0.125152230262756,"random",10
"691",0.760937852365896,0.911595928752795,0.202541917562485,"random",10
"692",0.530191381052136,0.778923924369737,0.117664702236652,"random",10
"693",0.330271683335304,0.633937282552943,0.100121632218361,"random",10
"694",0.0184773690532893,0.0674842547811568,0.152061477303505,"random",10
"695",0.103403656966984,0.14431449342519,0.130521863698959,"random",10
"696",0.437758459644392,0.529342997875065,0.102853864431381,"random",10
"697",0.675297763114795,0.449480582652614,0.150170668959618,"random",10
"698",0.448293747026473,0.430741502381861,0.105059713125229,"random",10
"699",0.280842493670061,0.975234832204878,0.108827762305737,"random",10
"700",0.74383593515493,0.28578286157921,0.197336673736572,"random",10
"701",0.01,0.01,0.141546934843063,"grid",10
"702",0.25,0.01,0.108755104243755,"grid",10
"703",0.5,0.01,0.111462831497192,"grid",10
"704",0.75,0.01,0.190848588943481,"grid",10
"705",0.99,0.01,2.30210375785828,"grid",10
"706",0.01,0.25,0.130440443754196,"grid",10
"707",0.25,0.25,0.115115500986576,"grid",10
"708",0.5,0.25,0.112870760262012,"grid",10
"709",0.75,0.25,0.184597581624985,"grid",10
"710",0.99,0.25,2.30211806297302,"grid",10
"711",0.01,0.5,0.145103633403778,"grid",10
"712",0.25,0.5,0.106308564543724,"grid",10
"713",0.5,0.5,0.109781444072723,"grid",10
"714",0.75,0.5,0.183514043688774,"grid",10
"715",0.99,0.5,2.30203747749329,"grid",10
"716",0.01,0.75,0.13564345240593,"grid",10
"717",0.25,0.75,0.102801166474819,"grid",10
"718",0.5,0.75,0.10883716493845,"grid",10
"719",0.75,0.75,0.187779933214188,"grid",10
"720",0.99,0.75,2.30215382575989,"grid",10
"721",0.01,0.99,0.133770853281021,"grid",10
"722",0.25,0.99,0.10120303183794,"grid",10
"723",0.5,0.99,0.112614534795284,"grid",10
"724",0.75,0.99,0.192107483744621,"grid",10
"725",0.99,0.99,2.30217099189758,"grid",10
"726",0.301570969750173,0.987623740162235,0.109898276627064,"bayesian",10
"727",0.247170261282008,0.392838550479307,0.102833889424801,"bayesian",10
"728",0.0296360072097741,0.801149044418707,0.142117232084274,"bayesian",10
"729",0.891379982524086,0.0587572432705201,0.706335365772247,"bayesian",10
"730",0.105207241722383,0.461358804391542,0.117943868041039,"bayesian",10
"731",0.531970781041309,0.318463948497083,0.118601784110069,"bayesian",10
"732",0.765055312154194,0.16581000785421,0.20457698404789,"bayesian",10
"733",0.446675839523474,0.575209588355695,0.108413465321064,"bayesian",10
"734",0.397022728905237,0.24871374713257,0.103266924619675,"bayesian",10
"735",0.693798545612177,0.669803554463821,0.148545026779175,"bayesian",10
"736",0.927584685909096,0.597201096883509,1.40110218524933,"bayesian",10
"737",0.627649909758475,0.84150001379506,0.132009819149971,"bayesian",10
"738",0.681680646079278,0.001,0.143985867500305,"bayesian",10
"739",0.225200228173756,0.001,0.113679677248001,"bayesian",10
"740",0.335564570816093,0.369286052780964,0.113133929669857,"bayesian",10
"741",0.160827925171566,0.999,0.123104713857174,"bayesian",10
"742",0.186583792554801,0.501954526531608,0.115722432732582,"bayesian",10
"743",0.001,0.0254530512137255,0.128687798976898,"bayesian",10
"744",0.202281520433097,0.228969167496172,0.123112164437771,"bayesian",10
"745",0.336324904009713,0.001,0.107349775731564,"bayesian",10
"746",0.244030158314975,0.999,0.106144361197948,"bayesian",10
"747",0.254897098383146,0.616069612189372,0.108772315084934,"bayesian",10
"748",0.276742187787949,0.001,0.0997979342937469,"bayesian",10
"749",0.27640291012427,0.001,0.0983704552054405,"bayesian",10
"750",0.275901332865975,0.001,0.102877169847488,"bayesian",10
